item_id,senti_negativo,senti_neutral,senti_positivo
10,2,25,30
10090,6,7,39
10130,0,0,2
10140,1,0,0
10150,1,1,7
10180,18,29,47
10220,4,0,3
102500,2,3,12
102600,1,1,4
102700,4,3,3
102820,0,1,0
102840,0,1,2
102850,0,0,1
104000,0,0,1
104200,3,0,1
104600,1,2,1
104700,3,15,25
104900,35,54,67
10500,6,10,21
105000,1,0,0
105100,0,0,1
105300,1,0,1
105400,3,1,3
105420,0,0,1
105430,1,1,4
105450,4,6,27
105600,82,161,498
105700,0,1,0
105800,0,1,0
10604,0,0,1
10680,2,4,20
107100,4,11,63
107200,0,2,4
107300,0,0,1
107310,1,2,2
107410,45,83,150
107600,0,1,1
107800,1,0,4
107900,4,10,8
108200,0,0,1
108500,0,0,1
108600,11,4,31
108710,4,4,17
108800,1,4,9
109400,6,17,16
109410,0,1,0
109600,5,10,40
11020,1,2,12
110400,0,0,1
110800,4,1,11
111100,1,0,0
11130,0,0,1
11140,0,0,1
111400,1,0,0
111600,1,0,1
11170,1,0,0
111800,0,0,2
111900,1,1,0
11230,3,1,0
11240,1,1,1
11260,1,0,0
11280,0,1,5
113020,6,9,29
113200,32,34,121
113204,0,2,3
11330,0,0,1
11340,0,0,1
113400,21,40,68
113420,8,11,14
11360,0,0,1
11390,2,1,0
11420,1,0,0
11450,1,2,3
115100,0,0,3
115110,0,0,1
115320,3,0,3
11590,0,1,2
11610,1,4,17
1200,0,2,0
12100,0,2,6
12110,1,5,10
12120,2,17,20
12130,1,0,0
12140,2,1,1
12150,1,1,0
12160,0,0,1
12200,4,6,17
12210,27,29,52
12220,2,1,7
12330,0,0,1
12340,0,0,1
12360,0,0,3
12430,1,0,0
12470,1,0,0
12480,0,1,0
1250,64,103,167
12500,0,0,3
12510,0,0,1
12590,0,0,1
12750,3,2,9
1280,0,0,1
12800,0,0,1
12810,1,0,1
12830,2,1,2
12900,5,5,30
130,1,1,3
13140,3,3,5
13210,0,0,4
13230,0,2,4
13250,0,0,1
13500,0,0,1
13510,0,1,1
13520,2,0,3
13540,0,1,0
13560,0,2,0
13570,0,1,4
13600,0,0,3
13640,0,1,0
15000,0,1,0
1510,1,1,5
15100,0,2,2
15120,1,0,3
15130,0,0,2
15150,0,0,1
15170,0,0,1
1520,1,1,6
15200,0,0,1
15230,0,1,0
15300,0,0,1
15320,1,2,6
15390,1,0,2
15520,0,1,1
15560,0,2,0
15620,3,5,8
15700,1,2,15
15710,0,0,5
15750,1,0,4
16120,0,0,1
16450,1,0,0
16600,0,0,1
1670,1,0,0
16710,0,2,0
16720,0,1,2
16730,4,0,3
16810,1,0,0
16870,0,1,1
1690,0,0,2
17020,1,2,2
17080,11,20,33
17100,0,1,0
17300,5,1,4
17330,0,2,1
17390,2,10,24
17410,11,21,42
17430,0,0,1
17440,0,1,1
17450,0,0,4
17460,0,2,15
17470,4,6,9
17480,1,3,8
17500,4,13,18
17510,3,0,6
17520,0,9,19
17530,1,1,0
17550,0,0,1
17570,3,2,7
17580,0,1,2
17700,1,1,2
17710,2,1,3
17730,1,0,0
17740,0,0,2
18000,0,0,1
18020,1,0,1
18040,1,0,0
18110,0,1,1
18120,0,0,1
1840,8,31,77
18500,1,0,2
18700,2,0,1
18820,0,1,2
1900,0,0,1
19000,0,1,0
1930,1,0,2
19500,0,1,0
19680,1,6,6
19830,0,0,1
19900,3,5,5
20,2,8,7
200010,0,1,3
200050,1,0,0
200150,0,0,1
200170,0,5,5
200210,45,66,121
200230,0,0,2
200260,9,19,51
200350,1,0,0
200396,1,0,0
200510,25,14,72
200630,1,0,0
200710,4,20,58
200900,1,1,7
200910,0,0,3
200940,0,2,1
201070,1,0,0
201210,0,3,0
201230,0,0,2
201290,0,1,1
201310,1,0,0
201420,0,0,2
201480,0,1,1
201510,2,0,0
201570,1,1,1
201700,1,1,1
201790,4,11,26
201805,0,1,0
201810,9,6,33
201830,1,1,1
201870,2,3,2
202090,5,11,14
202130,1,0,1
202170,8,14,37
202181,1,0,0
202200,1,0,3
202310,0,0,2
202485,0,1,1
202530,0,0,1
202710,1,0,1
202730,0,1,0
202750,1,0,5
202970,16,39,61
203140,12,18,44
203160,20,31,106
203210,0,1,2
203250,0,0,1
203290,5,4,12
203350,0,0,1
203630,0,1,1
203650,0,0,2
203701,0,0,1
203730,0,0,1
203750,1,0,3
203770,16,14,30
203810,1,3,13
203830,0,0,2
203850,0,1,3
204030,0,3,10
204060,0,1,2
204080,3,2,3
204100,5,11,29
204180,1,1,3
204240,0,0,7
204300,19,31,104
204340,3,5,3
204360,22,42,113
204371,0,1,1
204372,1,0,3
204450,3,8,28
204530,1,0,4
204630,2,2,5
204880,3,3,20
20500,6,3,7
205060,1,0,0
205080,1,0,0
20510,1,2,6
205100,18,29,77
205190,0,1,1
205230,0,1,2
20530,1,0,2
205350,1,4,1
20540,0,2,0
205550,0,0,1
205610,0,0,1
205633,0,1,0
205650,0,0,3
20570,1,2,4
205710,0,0,1
205730,1,0,0
205870,0,1,0
205890,0,0,1
205910,0,1,7
205930,0,0,3
205950,3,3,3
205990,0,0,1
206190,4,6,50
206210,9,35,48
206420,27,66,117
206440,12,13,34
206480,1,3,2
206500,10,21,41
206521,0,0,1
206610,0,0,1
206690,0,0,1
207080,0,3,3
207140,11,22,51
207170,3,1,3
207210,0,1,3
207230,10,13,18
207250,1,0,4
207350,0,1,2
207400,0,0,1
207420,0,0,1
207430,0,0,1
207490,1,0,2
207570,1,0,1
207610,26,25,94
207620,2,0,1
207650,0,1,2
207690,0,0,1
207730,0,0,2
207750,0,1,1
207790,0,0,1
207815,1,1,0
207816,0,1,0
207890,0,0,1
207930,0,1,0
208030,2,0,0
208090,70,96,207
208140,2,1,7
208200,0,0,5
208352,0,1,0
208362,0,1,0
20840,0,0,1
208460,1,0,0
208480,3,7,17
208500,0,0,1
208520,0,0,4
208570,2,0,0
208580,1,0,13
208600,1,0,0
208650,17,8,45
208670,1,1,3
208690,0,1,0
208730,2,3,0
208750,1,0,3
208812,0,0,1
20900,3,3,18
209000,12,18,41
209060,0,1,6
209080,15,6,58
209100,3,0,1
209120,0,0,1
209160,32,23,41
20920,8,9,23
209270,0,1,3
209340,1,1,1
209360,0,0,1
209370,1,0,4
209520,0,0,1
209540,1,1,5
209630,1,0,1
209650,21,15,35
209670,4,0,7
209690,0,1,0
209730,1,1,2
209790,0,1,0
209830,1,0,1
209870,20,43,91
209873,0,1,0
2100,1,0,0
21000,0,1,3
210170,0,0,1
210550,1,0,1
210720,1,0,0
210770,5,15,29
210870,0,0,1
210898,2,0,1
21090,4,2,3
210970,0,0,3
210990,0,0,1
21100,4,0,6
211050,0,0,1
211160,2,2,0
211180,0,0,1
211260,2,0,3
211280,1,0,0
211400,4,3,14
211420,67,29,62
211440,2,0,1
211500,7,4,10
211523,0,0,1
211600,0,4,2
21170,0,1,0
211720,0,1,3
211740,0,0,1
211780,0,0,1
211820,26,73,252
212010,1,0,1
212030,1,1,1
212041,0,1,0
212070,7,8,24
212160,3,10,13
212180,8,5,17
212200,5,0,4
212220,1,0,0
212370,0,3,0
212390,0,0,1
212410,0,0,1
212480,4,17,16
212500,3,4,10
212580,1,0,0
212630,2,1,1
212680,32,13,101
212700,1,0,0
212800,9,9,27
212893,0,0,2
213120,0,2,2
213210,0,2,0
213230,0,0,1
213250,1,0,0
213330,1,2,3
213450,0,1,0
213610,4,2,6
213650,3,7,11
213670,6,20,67
213850,0,3,7
214130,0,1,0
214190,2,8,9
214230,0,0,4
214250,1,0,0
214320,0,1,0
214340,1,0,1
214420,5,7,18
214490,11,11,29
214510,0,2,2
214550,0,1,0
214560,2,3,22
214610,0,0,1
214630,0,1,3
214700,3,2,0
214770,0,2,9
214790,0,0,1
214830,0,1,5
214850,0,3,12
214870,1,1,1
214930,0,1,0
214931,0,1,0
214933,0,0,1
214950,22,24,50
214970,1,1,2
215080,0,2,6
215100,0,1,2
215120,1,0,0
215256,0,0,1
215280,2,1,6
215470,5,2,20
215510,2,1,1
215530,1,5,1
215630,0,0,1
215670,1,0,3
215690,0,0,1
215710,0,0,1
215870,0,0,1
216110,1,1,2
216150,9,10,22
216173,0,0,1
216250,7,11,14
216260,0,0,5
21660,0,0,3
216890,1,0,1
21690,3,0,5
216910,0,0,1
217060,1,1,0
217100,1,0,1
217140,0,2,6
217200,0,3,3
217690,0,1,1
21780,0,0,1
217920,1,0,2
218040,0,1,1
218060,1,4,10
218090,0,0,1
218130,1,3,8
218170,0,0,1
218230,49,73,240
218310,3,0,2
218330,1,3,4
218410,0,0,3
218450,0,0,1
218470,5,3,6
218550,0,0,2
218560,0,0,1
218620,191,326,620
218640,3,2,3
218680,1,11,23
218740,0,2,2
218820,2,0,2
218980,0,0,2
219092,0,0,2
219103,0,0,3
219150,38,36,73
219190,0,0,3
219340,0,0,1
219600,1,1,3
219640,47,70,104
219680,2,2,6
21970,1,4,3
219700,1,0,1
219740,30,61,105
219800,0,0,1
219830,1,1,26
219870,2,2,0
219890,6,5,40
219910,0,1,1
21995,1,0,0
219990,1,5,12
220,27,67,122
2200,0,0,2
22000,1,0,6
220050,9,0,4
220090,0,1,0
220160,2,3,6
220200,17,32,91
220240,26,30,72
220260,1,5,9
220440,5,2,10
220460,0,0,1
220660,2,0,1
220700,1,0,8
220740,0,1,0
220760,0,1,1
220780,4,7,14
220820,1,2,0
220860,2,5,10
220900,0,1,1
22100,1,0,5
221001,0,0,1
221020,3,2,1
221040,3,6,9
221080,1,0,1
22110,0,1,1
221100,208,156,373
221180,0,0,1
22120,1,1,2
221220,0,0,1
221260,3,9,19
221300,0,2,0
221360,1,0,0
221380,13,25,61
221430,0,0,1
221540,0,0,6
221640,39,40,76
221680,1,0,12
221790,0,0,1
22180,1,0,3
221810,0,0,2
221910,9,23,72
22200,1,1,4
222140,0,0,1
22230,3,2,0
222420,0,1,0
222440,0,1,0
222480,2,0,1
222520,0,4,2
222587,0,0,1
222660,0,1,0
222710,0,0,1
222730,1,4,10
222750,4,5,9
222880,38,50,137
222900,18,34,41
222940,1,3,3
222980,1,3,6
22300,7,10,17
223100,0,0,1
22320,2,0,14
22330,6,5,11
223390,2,2,4
22340,0,0,1
223430,0,1,0
223470,26,25,39
223490,0,1,1
22350,3,4,1
223510,0,0,1
223630,1,2,1
223670,3,2,6
22370,10,15,41
223710,46,44,32
223750,1,3,5
223770,0,0,1
22380,23,44,119
223810,0,1,0
223830,0,0,2
223850,0,0,2
224060,0,2,3
224260,58,85,150
224280,0,0,3
224320,0,0,1
224420,1,0,4
224440,0,0,1
224460,0,2,6
224480,5,9,19
22450,0,1,0
224500,1,2,5
224540,28,48,73
224580,1,4,19
224600,10,13,27
224760,1,4,27
224820,3,0,5
224900,0,0,1
224960,1,0,2
225080,6,5,27
225140,1,5,12
225160,0,1,1
225260,2,8,14
225280,0,0,2
225300,0,0,1
225340,1,0,1
225360,0,0,2
225420,1,2,3
225540,16,13,42
225600,4,3,7
225640,1,0,1
225833,0,0,1
225840,7,10,12
22600,2,3,6
22610,0,0,1
226320,5,15,13
226459,1,0,0
22650,2,0,0
226560,0,0,1
226580,2,1,2
226620,0,2,1
226669,1,0,0
226700,51,64,35
226720,2,1,3
226740,0,0,5
226840,0,0,2
226860,1,1,5
226880,0,2,0
226960,0,1,2
226980,2,0,10
2270,2,1,3
227020,1,0,0
227080,0,1,2
227100,3,2,9
227160,0,1,4
227180,1,1,9
227200,0,0,1
227220,1,1,2
227240,0,0,1
227260,0,1,0
227280,3,0,2
227300,14,24,71
227310,0,0,2
227320,0,1,6
227480,1,2,5
227560,0,0,1
227580,0,1,2
227600,0,0,1
227680,18,14,15
227700,6,7,23
227780,0,1,1
227800,1,0,0
227860,2,3,5
227940,55,53,134
2280,3,1,4
228180,0,1,2
228260,0,0,4
228280,1,1,3
228300,1,2,9
228380,5,2,20
228400,0,2,2
228440,0,0,1
228560,1,0,1
228740,0,0,1
228760,1,0,2
228880,1,0,2
228940,0,2,3
228960,0,0,2
2290,0,0,1
229580,3,1,2
229870,1,0,1
229950,0,1,0
2300,0,1,2
230050,0,5,22
230070,1,0,1
230090,1,0,1
230190,1,2,4
230230,2,3,12
230270,0,1,0
230290,3,5,11
230310,0,0,1
230410,59,160,379
230650,1,0,0
230700,1,0,1
230820,0,0,1
230840,1,0,1
230940,1,1,1
230980,0,1,0
2310,1,1,1
231040,1,0,1
231060,5,3,2
231140,0,2,1
231160,0,1,7
231180,0,0,1
23120,0,0,1
231250,0,1,0
231310,0,3,1
231330,0,1,0
231410,0,1,0
231430,9,21,57
231670,0,2,3
231740,2,1,2
231910,1,0,0
2320,0,0,1
232010,1,3,3
232050,0,0,2
232090,34,41,63
232430,4,8,30
232450,0,0,1
232750,1,1,1
232770,1,2,1
232790,2,4,13
232810,9,4,15
232890,2,0,4
232910,2,3,5
232950,0,1,0
232970,0,1,0
23310,1,1,1
233110,1,0,0
233130,10,7,19
233150,3,4,4
233190,0,0,1
233250,23,13,39
233270,11,8,10
233290,2,1,4
233310,0,0,1
233350,0,0,1
233370,0,0,1
233450,27,17,66
233470,3,3,7
233550,0,0,1
233610,0,2,8
233630,1,4,4
233700,0,0,3
233720,18,34,43
233740,0,0,5
233840,1,2,1
233860,0,4,8
233980,1,0,6
234000,2,0,0
234080,0,0,1
234140,11,8,32
234160,1,1,0
234190,3,4,14
234310,1,2,8
234330,1,0,6
234390,4,2,2
234490,1,2,2
23450,0,1,1
234530,2,3,6
234630,1,2,7
234650,1,1,6
234670,6,7,18
234710,6,5,24
234772,1,0,0
234792,0,1,0
23490,1,1,1
234920,0,0,2
235070,0,1,0
235210,0,1,0
235250,2,1,1
23530,1,0,1
235340,1,1,1
235360,0,2,0
235400,3,1,2
235460,5,8,20
235540,3,4,15
235580,0,0,5
235600,4,2,18
235760,0,0,1
235780,0,1,6
235800,0,4,11
235980,0,0,1
236090,2,5,34
236110,3,10,29
236150,1,1,4
236370,1,8,25
236390,50,80,172
236430,21,20,40
236450,2,4,13
236470,0,0,1
236510,12,11,5
236690,1,1,0
236730,0,0,1
236790,1,0,1
236850,7,12,37
236870,4,4,13
237110,5,14,8
237310,6,9,15
237370,0,0,1
237590,0,0,1
237630,0,0,4
237740,3,2,3
237760,1,0,0
237850,0,1,3
237870,0,2,7
237890,0,0,5
237930,3,5,35
237950,0,1,0
237970,1,0,0
237990,1,1,7
238010,4,6,18
238070,0,1,3
238090,4,4,13
238170,1,3,0
238210,3,0,4
238240,0,1,10
238260,0,2,2
238280,1,3,6
238300,0,1,1
238320,26,26,32
238370,3,4,2
238430,13,7,32
238460,17,46,89
238590,0,1,2
238750,0,0,4
238890,0,1,0
238910,0,0,3
238960,8,40,94
239030,14,13,53
239070,2,3,8
239120,0,0,2
239140,16,16,54
239160,8,9,10
239200,4,2,5
239220,8,15,46
239250,2,0,1
239350,5,7,16
239410,1,0,0
239450,5,3,5
239660,5,6,23
239700,0,0,1
239720,1,0,1
239800,3,0,6
239820,5,12,74
239840,1,1,1
240,23,62,153
2400,7,2,14
24010,2,10,20
240320,2,3,2
240380,1,3,0
240440,0,0,2
240460,2,0,3
240570,0,0,1
240600,0,0,1
240620,0,0,1
240760,1,0,6
240970,0,0,3
241240,0,0,3
241260,1,1,2
241320,0,2,1
241410,0,0,1
241540,21,11,53
241560,4,8,4
241600,1,8,35
241640,5,11,8
241700,0,0,1
241720,0,0,5
241910,0,0,1
241930,18,21,66
2420,0,0,2
24200,5,17,46
242050,5,15,36
242130,3,0,1
24240,17,46,85
242550,0,0,1
242570,0,1,4
242590,0,0,1
242640,1,1,2
242680,10,11,21
242700,2,3,10
242720,11,19,22
242760,40,35,131
242780,0,0,1
242800,5,3,4
242820,2,0,4
242860,27,20,60
242880,4,5,11
242920,14,9,38
242940,0,0,1
242980,0,1,0
243000,0,0,1
243120,0,0,1
243180,1,0,0
243200,0,0,1
243280,0,0,1
243320,1,0,1
243360,0,0,1
243450,0,2,3
243470,17,10,30
243560,0,1,0
243780,1,0,1
243800,0,0,3
243870,35,47,98
243930,1,0,2
243950,1,0,1
243970,0,0,4
244050,1,0,2
244160,2,1,7
244210,2,2,13
244230,0,1,0
244410,0,1,0
244450,4,7,5
244590,2,1,3
244610,0,1,0
244630,1,1,4
24470,1,0,0
244710,2,1,4
244730,0,3,3
244770,2,0,4
244810,0,1,0
244850,24,56,200
244870,3,1,13
244890,0,0,1
244930,2,2,26
2450,1,1,3
24500,0,0,1
245130,2,6,7
245150,1,0,0
245170,10,24,35
245175,0,0,1
245176,1,3,0
245190,0,0,1
245280,0,2,4
245370,0,0,2
245390,0,2,1
245470,0,9,10
245490,0,1,3
245550,3,19,35
245620,1,1,14
245760,1,0,1
245910,0,1,0
246070,0,1,1
246090,2,0,4
246110,0,1,0
246255,0,0,1
246280,7,6,3
246300,0,0,1
246420,1,2,13
246440,0,0,1
246580,2,0,5
24660,0,0,1
246620,10,12,26
246640,0,1,0
24670,0,0,2
246700,7,3,7
246840,0,0,1
246900,2,5,9
246940,0,0,1
247000,1,2,11
247020,1,5,6
247080,4,4,11
247120,1,1,1
247140,1,0,1
24720,1,1,2
247240,1,1,2
247293,0,0,1
247298,0,0,1
247304,1,0,0
24740,4,5,26
247430,0,1,0
247580,1,0,0
247660,1,0,1
247730,17,25,37
24780,1,1,4
247830,0,1,1
24790,0,1,3
247910,1,4,6
247950,1,1,2
24800,0,1,1
24810,1,0,2
248140,0,0,1
248170,1,0,3
248310,0,1,9
248350,0,1,2
248390,2,2,2
24840,0,2,3
248410,0,1,0
248530,0,0,1
248550,0,0,1
248570,20,21,45
24860,1,6,8
248610,3,1,6
248630,0,0,5
248650,0,1,2
24870,0,0,1
248710,1,0,0
248800,0,0,4
248820,14,27,77
248860,5,1,5
248970,0,1,1
249050,3,0,10
249082,1,0,0
249130,5,8,29
249190,1,0,0
249230,1,0,1
249330,0,0,1
249380,1,1,7
249550,1,0,0
249570,0,1,1
249590,1,0,0
24960,13,10,22
249630,0,1,5
249650,1,0,1
249680,0,0,2
24980,2,0,16
249870,2,3,4
249950,0,0,3
249990,2,1,0
2500,0,1,0
25000,1,9,13
250050,0,0,1
25010,1,0,1
250110,0,0,3
250180,4,5,10
250260,2,4,17
250320,4,11,53
250340,4,7,9
250380,0,1,0
250400,1,12,22
250420,8,10,21
250460,0,2,1
250500,6,3,7
250520,1,1,2
250580,2,0,4
250600,8,30,40
250620,1,1,7
250640,1,0,0
250740,0,1,0
250760,2,5,11
250870,1,0,0
250900,31,35,84
251060,4,1,13
251130,0,0,1
251150,0,0,2
251170,5,3,5
251290,0,0,1
251310,0,1,0
251370,0,0,1
251430,0,0,3
251470,0,2,2
251570,24,30,76
251610,0,1,5
251630,2,0,3
251670,2,1,4
251730,1,0,1
251810,0,0,1
251850,0,1,0
251870,1,1,13
251970,0,1,1
251990,6,2,7
252030,1,0,1
252070,1,0,1
252150,0,1,2
252250,0,1,1
252330,4,3,5
252350,0,0,4
252370,0,1,0
252410,0,0,3
252450,2,1,0
252470,1,0,0
252490,167,203,445
252530,2,0,6
252630,0,1,2
252670,0,0,1
252770,0,0,2
252870,2,0,3
252910,0,0,1
252950,34,79,160
253030,0,4,16
253110,0,0,2
253250,0,2,7
253350,0,0,1
253370,0,0,1
253430,6,5,10
253490,0,1,0
253510,0,0,1
253530,3,0,0
253610,0,0,1
253650,1,0,2
253690,0,0,2
253710,23,26,31
253770,1,0,1
253920,1,1,0
253940,0,0,1
253980,2,3,3
254080,1,0,0
254130,0,0,1
254200,3,0,2
254260,0,0,1
254440,3,1,3
254460,0,0,3
254480,0,0,1
254650,0,1,0
254700,2,3,3
25500,0,0,1
255070,3,0,0
255220,1,0,5
255260,0,0,2
255300,0,1,0
255370,0,0,1
255390,0,0,1
255420,0,0,7
255480,3,3,4
255500,1,0,0
255520,1,0,0
255710,11,16,55
256010,1,0,1
256050,1,0,0
256070,0,0,1
256190,1,1,0
256290,3,3,6
256330,0,0,3
256350,0,0,3
256370,0,0,1
256410,1,6,9
256500,0,1,0
2570,1,0,0
25700,1,1,0
257030,2,1,0
257080,0,0,1
257120,0,0,1
257170,0,1,1
257370,0,1,0
257400,0,0,3
257510,0,1,12
257710,1,4,5
257730,1,0,5
257750,1,2,8
257830,0,2,0
257850,3,1,4
257890,1,0,0
257970,0,0,1
25800,0,0,2
258010,0,0,1
258050,0,0,1
258090,0,0,2
258160,1,2,2
258180,3,0,4
258200,0,0,1
25830,1,0,1
258520,0,0,6
258590,0,0,1
258700,0,1,0
258760,0,1,0
258880,0,1,0
25890,4,2,7
258950,1,0,0
258970,1,1,7
2590,0,1,1
25900,0,0,1
259060,0,0,1
259080,7,26,52
25910,0,0,1
259170,0,1,0
259320,1,0,1
259380,0,0,1
259381,0,0,1
259390,0,0,2
259410,0,1,0
259430,1,0,0
259450,0,0,1
259470,0,0,1
259530,0,1,6
259550,0,0,1
259600,0,1,1
259620,1,0,2
259680,1,1,3
259700,1,1,1
259720,0,1,2
259740,0,1,1
259780,0,0,1
25980,2,0,0
259800,0,0,2
25990,0,0,1
2600,0,2,4
260060,1,0,0
260130,0,0,1
260160,0,0,2
260210,0,2,0
260230,8,4,18
260410,1,1,0
260430,2,1,0
260510,0,1,0
260750,1,0,0
260790,1,0,0
2610,0,0,1
261030,22,27,65
261110,0,1,4
261180,0,5,17
261510,0,0,1
261530,1,0,2
261570,3,3,30
261640,11,22,48
261700,1,1,5
261760,2,0,6
261820,4,7,21
261880,0,0,1
261920,0,1,0
261980,7,1,7
2620,1,1,2
262060,19,7,13
262120,0,1,2
262150,0,2,2
262260,0,0,1
262280,0,1,0
262410,5,4,25
262490,0,0,1
262550,0,2,2
262590,1,0,0
262750,0,0,1
262790,2,0,1
262830,0,0,1
262850,0,1,0
262900,1,1,1
262940,0,0,1
262960,1,0,0
2630,0,1,0
263020,3,2,2
263060,2,5,10
263100,0,2,1
263180,0,1,0
263200,0,1,1
263280,8,6,26
263300,0,3,4
263320,0,0,3
263340,0,0,1
263360,0,2,2
263380,0,0,1
263400,0,2,1
263420,0,1,1
263440,5,12,16
263480,1,0,1
263500,3,2,3
263540,1,3,5
263560,0,0,1
263680,1,1,3
263700,1,0,0
263740,0,0,3
263760,4,3,16
263820,1,0,0
263960,0,0,2
263980,1,2,5
2640,0,0,2
264120,1,1,3
264140,11,8,16
264200,4,12,31
264240,0,2,1
264280,1,0,1
264360,1,1,2
264380,4,5,7
264610,1,0,1
264710,12,16,59
264730,1,0,1
264930,0,0,1
26500,0,1,1
265000,0,0,1
265061,0,0,1
265120,0,0,1
265210,4,5,15
265300,3,0,5
265330,0,0,1
265550,5,4,12
265610,1,1,7
265630,16,51,63
265650,0,0,2
265690,0,0,1
265750,1,1,3
265770,2,1,2
265810,1,2,0
265870,1,0,0
265890,0,0,4
265930,48,80,153
266010,2,6,10
266070,2,2,2
266110,0,1,3
266130,0,0,4
266150,1,0,1
266210,1,1,4
266290,0,1,0
266370,1,0,0
266390,0,0,2
266410,1,0,0
266430,3,4,11
266490,0,0,1
266510,0,1,8
266590,0,0,1
266840,1,7,17
267130,0,0,2
267340,0,0,1
267380,0,1,0
267381,0,0,2
267490,1,0,0
267530,0,2,4
267550,2,3,3
267600,1,4,1
267610,3,0,1
267750,1,0,0
267940,2,0,1
26800,1,0,6
268050,7,1,1
268090,0,0,1
268220,2,0,0
268240,1,0,1
268260,0,0,1
268320,0,0,1
268400,0,0,1
268420,2,5,18
268500,9,4,25
268650,1,3,6
268670,0,1,0
268750,4,4,34
268830,0,0,1
268850,0,1,0
268870,0,0,1
268970,0,0,1
26900,0,1,1
269030,0,1,2
269050,2,2,3
269170,0,0,2
269210,4,7,13
269250,0,1,1
269270,0,2,2
269290,0,1,2
269310,0,0,2
269330,0,1,0
269350,1,0,1
269370,0,0,2
269390,3,3,2
269450,0,0,1
269490,0,0,2
269570,0,0,1
269650,0,0,2
269730,0,0,3
269770,0,0,4
269790,0,0,1
269810,1,0,0
2700,1,2,5
270090,0,1,1
270130,0,0,1
270150,5,4,2
270170,7,5,6
27020,0,2,0
270210,0,0,8
270270,0,0,1
270370,5,2,4
270450,2,0,9
270490,1,0,2
270510,0,0,1
270550,5,6,42
270570,0,1,1
270630,0,0,2
270680,0,0,1
270850,1,1,3
270880,0,4,12
270940,0,0,1
270941,0,0,1
270942,0,0,1
271240,0,0,5
271290,19,15,77
271360,0,0,1
271500,0,1,1
271520,0,2,0
271570,0,1,1
271590,55,117,154
271640,0,1,0
271860,0,1,0
271900,0,0,2
271944,0,1,0
272060,1,1,5
272080,0,0,1
272350,0,0,9
272510,1,2,8
272600,0,0,3
272890,0,1,4
273070,0,1,0
273110,19,12,27
273300,2,0,1
273350,20,27,53
273390,1,0,0
273500,0,0,1
273730,1,0,0
273770,2,0,0
273840,0,1,0
273940,1,1,0
274170,4,8,9
274190,10,26,45
274230,1,1,1
274250,1,1,2
274270,1,1,1
274290,2,4,1
274310,2,0,5
274350,0,0,1
274450,0,1,0
274500,0,0,2
274520,3,0,1
274560,0,0,1
274620,1,0,0
274900,5,0,11
274920,3,2,8
274940,6,16,37
274980,0,0,3
275100,1,1,1
275180,0,0,1
275200,1,1,3
275390,0,0,1
275490,0,4,2
275510,0,0,1
275530,0,0,2
275590,0,0,1
275610,1,0,1
275670,0,0,1
275690,0,0,1
275700,0,1,1
275850,64,30,87
2760,0,0,1
276340,0,0,2
276770,1,0,0
276810,0,0,3
277390,0,1,0
277430,0,1,18
277450,0,0,1
277460,2,0,1
277520,0,0,1
277590,2,0,2
277930,0,1,1
277950,1,0,1
278080,5,4,3
278360,1,4,11
278440,0,0,1
278460,1,0,1
278490,1,0,0
278570,0,1,0
278620,0,0,2
278910,1,0,3
278970,0,4,3
279112,1,0,0
279160,0,0,1
279260,1,0,0
27940,1,0,0
279420,0,1,0
279520,1,0,0
279720,0,0,1
280,0,0,7
28000,3,1,1
280010,1,1,0
280040,0,0,1
280180,0,0,3
280220,1,0,2
28050,1,3,5
280520,0,0,1
280600,0,0,1
280740,2,0,9
280790,2,7,12
280910,0,1,0
280930,1,1,1
2810,0,0,1
281050,0,0,1
281130,0,0,1
281200,0,1,0
281220,1,0,1
281370,1,3,3
281410,1,0,0
281610,0,1,2
281690,2,1,9
281770,0,1,0
281820,1,0,1
281990,5,1,11
2820,1,0,1
282010,0,1,0
282050,1,0,2
282070,27,12,19
282140,5,3,4
282201,1,0,0
282350,3,3,4
282400,0,0,1
282440,8,12,18
282470,1,0,3
282560,1,0,3
282660,0,0,3
282740,0,0,1
282760,0,0,1
282780,0,0,1
282800,5,4,5
282900,1,6,23
283080,1,0,1
283160,1,0,0
283230,1,0,2
283290,0,2,1
283370,1,0,0
283430,0,0,1
283640,1,0,3
283660,1,0,1
283680,2,0,1
283880,0,0,2
283920,1,0,0
283940,0,1,1
283960,0,1,1
283980,0,1,1
284140,0,0,1
284160,3,5,6
284390,0,0,1
284460,0,0,3
284770,1,0,0
284930,1,0,0
284950,1,0,1
2850,1,0,0
285050,0,0,1
285160,3,1,2
285310,1,0,2
285330,0,0,1
285440,0,1,0
285480,1,0,0
285500,0,1,0
285580,0,2,2
285740,0,0,1
285820,0,0,1
285900,5,5,16
285920,4,2,6
286040,2,0,2
286080,2,7,15
286100,2,3,16
286160,3,5,10
286200,1,0,1
286260,0,0,1
286340,1,2,9
286360,1,0,1
286500,0,0,2
286570,1,2,2
286660,0,0,1
286690,1,1,6
286940,0,2,0
286971,0,0,1
2870,8,2,2
287100,0,1,0
287120,0,0,1
287220,0,1,0
287290,4,3,4
287340,0,1,1
287390,2,7,14
287450,2,4,13
287580,0,0,1
287700,17,25,31
287840,0,0,2
287920,0,0,3
287980,1,2,13
288040,1,0,0
288140,0,1,0
288160,0,1,2
288290,0,0,1
288370,0,0,1
288470,2,4,7
289090,2,1,1
289130,3,6,12
289340,0,0,1
289460,0,0,1
289520,0,0,1
289600,0,0,1
289650,14,7,21
289690,1,0,1
289760,0,0,5
289881,3,0,0
289930,0,0,2
289950,1,1,2
289970,1,0,0
290000,0,0,1
290020,0,0,1
290060,0,1,0
290080,4,3,19
290140,0,1,4
290280,0,0,1
290300,0,1,3
290340,1,0,5
290490,0,1,0
290530,0,0,1
290650,1,0,0
290730,0,1,1
290750,1,1,0
290770,2,0,8
290790,0,0,4
290830,0,1,0
290890,2,1,1
290930,0,2,2
290990,0,0,1
291010,2,1,1
291210,5,3,5
291250,0,0,1
291270,1,0,0
291370,0,1,1
291410,0,0,5
291480,32,18,32
291550,13,16,53
291650,1,2,3
29180,0,1,1
291910,0,0,1
291930,1,0,0
292030,12,26,75
292120,3,4,5
292140,2,0,4
292180,0,1,2
292240,0,0,2
292380,0,1,0
292390,0,0,1
292600,1,1,0
292630,4,6,2
292780,0,0,1
293010,0,0,6
293180,1,0,1
293240,0,0,2
293260,0,2,6
293320,1,1,1
293500,2,2,4
293540,4,0,2
293560,1,1,1
293680,1,0,0
293740,0,1,0
293760,0,1,3
293780,0,0,4
293840,0,0,1
293860,1,0,1
293900,0,1,1
293920,0,0,1
294020,0,0,1
294100,1,0,14
294140,0,0,2
294160,0,2,2
294230,0,1,0
294540,0,0,1
294570,0,0,2
294650,0,0,1
294670,0,0,1
294860,3,3,13
295110,51,41,100
295270,2,2,5
295438,0,0,1
295490,0,0,1
295550,1,3,4
295690,0,1,1
295710,1,4,1
295730,0,0,1
295770,0,0,1
295790,1,0,1
295810,0,0,1
295990,0,0,1
296050,0,0,1
296070,0,0,1
296150,1,0,0
296240,0,0,2
296300,1,0,1
296470,5,8,12
296490,0,0,3
296570,0,0,1
296650,0,0,1
296710,1,0,2
296770,0,0,1
296830,0,1,0
296910,0,0,1
296970,0,0,2
297000,0,1,2
297020,1,1,4
297100,1,0,0
297110,0,1,2
297120,2,0,1
297130,3,1,1
297141,0,1,0
297210,0,1,0
297330,0,0,1
297350,0,0,2
297490,0,1,2
297512,0,0,1
297590,0,0,1
297810,3,2,5
29800,2,1,8
298030,1,0,4
298050,0,0,3
298110,12,10,18
298160,0,0,6
298180,1,0,1
298240,6,2,14
298260,2,4,7
298340,0,0,1
298360,1,0,0
298400,0,0,1
298480,1,0,1
298520,0,0,6
298600,2,2,3
298630,5,17,29
2990,2,1,3
299030,1,0,1
299250,0,0,1
299260,0,0,1
299360,13,13,21
299420,1,0,0
299460,5,4,4
299480,0,0,1
299540,0,0,2
299640,0,0,1
299660,0,0,2
299680,0,0,1
299700,3,0,0
299720,0,1,1
299740,5,2,11
299780,0,0,1
299860,6,2,4
299890,1,0,0
30,0,1,3
300,1,8,24
300040,1,0,3
300080,3,0,4
300220,0,1,1
300300,0,1,0
300340,0,1,0
300380,1,3,8
300400,0,0,1
300550,0,0,3
300570,1,0,3
300760,0,0,1
300820,0,1,0
300900,0,1,0
300970,0,0,2
300991,0,0,1
301120,0,0,2
301190,0,1,0
301200,0,0,1
301460,0,0,1
301480,0,3,3
301520,71,73,202
301640,6,4,7
301750,0,2,2
301760,1,1,0
301860,0,0,1
301910,4,2,12
301970,1,0,6
302010,0,0,1
302060,0,0,1
302080,0,0,2
302270,1,1,3
302380,1,5,9
302510,4,5,8
302590,0,0,1
302670,0,0,5
302830,9,15,29
302970,0,0,1
303210,7,16,27
303390,8,7,9
303800,0,1,1
303820,0,0,1
304030,4,3,10
304050,25,43,86
304212,0,1,0
304240,2,1,4
304270,2,0,2
304350,0,1,0
304410,3,1,2
304430,1,3,12
304500,1,0,0
304650,2,0,4
304670,0,0,2
304730,0,0,4
304910,0,0,1
304930,171,300,579
304950,0,0,1
3050,0,0,1
305050,0,0,1
305070,0,1,1
305260,4,2,4
305380,0,0,1
305620,5,7,30
305920,1,0,0
305960,1,0,1
305980,1,0,0
306020,0,3,7
306040,0,0,1
306130,4,5,26
306370,0,1,0
306460,1,3,12
306550,0,0,1
306620,0,1,0
306660,0,1,1
306670,1,0,0
306680,1,0,0
306760,0,0,1
306830,3,3,5
307030,0,1,0
307050,0,0,1
307070,0,1,2
307130,0,1,0
307170,0,1,0
307230,0,3,0
307290,3,2,2
307340,0,0,2
307640,0,1,0
307670,0,1,1
307690,0,4,6
307780,16,13,15
307880,3,0,10
307960,1,0,0
307990,0,0,1
308270,0,0,1
308310,1,0,0
308420,1,2,6
309890,1,0,1
310031,0,1,0
310070,0,1,0
310080,3,2,6
310360,1,1,0
310370,13,8,19
310380,7,6,18
310470,0,0,1
310560,3,2,9
310700,0,0,1
310740,0,0,1
310790,1,0,2
310850,0,1,0
310890,0,0,1
310950,3,4,3
311140,1,0,0
311190,0,1,2
311210,39,39,75
311240,0,0,1
311310,0,2,1
311340,1,5,14
311400,0,1,1
311480,1,0,0
311560,0,1,6
311660,1,0,0
311690,3,1,4
311730,3,2,2
311870,0,0,1
311910,1,0,0
312010,0,0,1
312150,0,2,3
31220,0,0,3
312210,2,2,2
312280,1,1,3
312530,2,8,7
312630,0,1,2
31270,1,0,3
312720,0,1,0
312750,0,0,2
312780,0,0,3
31280,9,14,26
312840,1,0,0
31290,1,1,5
312930,0,0,2
312990,5,18,23
313010,0,3,0
313020,0,3,0
313040,1,0,0
313080,1,2,0
313100,0,1,0
313120,16,16,37
313160,4,5,13
313340,3,8,25
313371,0,0,1
313372,0,1,0
313375,0,0,1
313500,1,0,1
313590,0,0,1
313630,0,0,1
313690,1,2,5
313730,3,0,11
313740,9,16,20
313990,0,0,1
314010,0,0,1
314020,1,1,2
314030,0,1,0
31410,0,0,1
314130,1,0,0
314150,0,1,0
314160,2,2,10
314230,0,0,3
314240,0,0,1
314300,0,1,0
314410,1,1,1
314520,0,0,1
314660,1,1,2
314700,0,2,1
314710,1,0,0
314970,0,0,1
314980,0,0,1
315260,0,0,1
315340,0,0,1
315392,0,1,0
315394,1,0,0
315396,0,0,2
315430,3,1,8
315460,0,1,1
315600,0,1,2
315640,3,3,3
315660,0,0,2
315740,0,0,1
315810,1,1,1
315840,0,0,1
315860,0,0,1
315880,3,3,1
316010,4,4,20
316260,0,0,1
316390,1,3,3
316410,0,0,3
316430,0,0,3
316660,0,0,1
316720,2,0,4
316790,0,2,3
316930,0,1,0
3170,0,0,1
31700,0,0,1
317040,0,1,0
317100,0,0,1
317110,0,0,2
317250,1,0,0
317260,0,0,1
317360,11,20,23
31740,0,0,1
317400,4,3,20
317410,1,1,1
317440,1,0,1
317470,2,2,3
317510,0,0,1
317620,0,0,2
317660,1,1,1
317710,1,1,0
317780,0,0,1
317790,0,1,0
317820,0,0,1
317890,0,0,1
317960,0,0,1
318020,0,0,2
318100,0,2,0
318130,0,0,1
318220,0,1,6
318230,0,0,3
318420,0,0,1
318430,6,5,9
318520,0,0,1
318530,0,4,3
318550,0,1,0
31860,0,1,0
318600,0,1,1
318710,0,0,1
318791,1,0,0
318850,1,0,0
319050,1,0,3
319080,0,0,1
319090,0,1,2
319130,1,1,0
319140,0,0,1
319150,0,0,1
319180,1,0,0
319250,0,0,1
31930,0,0,1
319400,0,0,1
319450,0,0,1
319510,41,27,41
319550,1,3,3
319560,0,1,1
319570,0,0,1
319630,26,30,125
319730,0,0,1
319740,0,0,3
319910,1,0,4
319970,0,0,1
320,3,2,8
320030,1,0,0
320040,0,0,2
320140,0,2,5
320300,1,2,7
320340,0,1,0
320350,0,0,1
320590,1,0,0
320760,2,0,1
320970,0,0,1
321030,1,0,0
321040,0,2,4
321060,1,1,3
321300,0,3,4
321360,2,4,4
321400,0,0,1
321410,0,0,1
321480,0,0,1
321580,0,0,1
321610,1,0,0
321830,0,0,3
321840,0,0,1
321860,0,0,1
321960,3,0,1
321980,0,0,1
32200,0,0,1
322010,0,0,2
322060,0,0,1
322070,3,7,9
322110,0,0,2
322170,10,19,51
322250,1,0,0
322300,1,0,0
322330,27,24,73
322490,0,0,1
322500,4,2,22
322520,1,0,0
322660,0,0,2
322770,0,0,2
322900,0,0,1
322910,1,1,3
322920,4,3,9
322980,0,0,1
323060,0,0,1
323140,1,0,1
323180,0,0,3
323210,0,1,0
323240,0,0,1
32330,0,0,1
323320,2,0,5
323370,5,12,34
323380,0,0,2
32340,0,0,1
323450,0,0,1
323470,3,6,23
32350,1,0,1
323500,0,10,6
323580,0,0,1
32360,0,0,3
323610,0,0,5
32370,4,9,14
323720,0,0,1
32380,0,0,2
323850,0,2,4
32390,0,2,0
323910,2,2,2
323930,0,0,1
32400,0,0,5
324080,1,3,2
324120,0,0,1
324160,0,0,1
324170,0,0,2
32420,1,0,0
324260,0,0,1
32430,5,2,2
324300,0,0,1
324310,0,0,2
32440,0,0,8
324570,0,1,1
324610,1,0,0
324680,0,0,1
32470,1,0,4
324810,2,0,6
32500,2,1,5
325090,1,0,0
325100,0,1,1
325110,0,0,1
325300,0,0,1
325600,0,0,3
325610,6,1,10
325723,1,1,0
325724,2,1,2
3260,0,0,1
326150,0,0,1
326160,1,0,1
326220,0,1,0
32630,0,1,0
326410,0,1,5
326460,3,1,4
326480,0,2,3
326670,1,0,1
326720,0,0,1
326990,0,0,1
327070,0,1,3
327090,2,2,1
327130,1,0,0
327140,0,0,1
327220,0,0,1
327231,0,0,1
327280,0,0,1
327410,2,1,9
327500,0,0,1
327520,0,0,1
327640,0,0,4
327670,0,1,0
32770,0,0,1
327740,0,0,1
327860,0,0,4
327890,4,7,12
327950,0,0,1
32800,3,4,11
328060,0,1,1
328070,0,0,3
328220,0,0,2
328500,1,2,0
328670,1,0,0
328700,0,1,0
328830,0,0,1
328940,0,1,1
329010,1,0,0
329050,0,2,0
329110,0,0,2
329130,2,0,3
329190,0,0,1
329430,0,0,1
329440,1,0,5
329490,2,1,0
329650,0,1,0
329830,1,0,1
329860,0,1,1
329950,3,4,5
330070,0,0,1
330100,0,0,1
330210,2,0,0
330350,0,0,1
330390,0,0,1
330470,1,0,0
330570,1,1,2
330580,0,0,2
330710,0,0,7
330820,0,1,0
330830,7,6,47
330840,7,13,15
33100,1,0,0
331120,2,0,0
331160,0,0,1
331190,0,0,2
331200,1,2,5
331220,0,0,1
33130,0,0,1
331330,1,0,1
331440,2,1,1
331470,1,3,15
331500,1,1,5
331600,3,1,1
331670,0,0,3
331710,2,2,0
331900,0,1,1
3320,2,1,2
332070,5,3,2
33210,0,1,0
33220,1,2,2
332200,0,1,0
332250,0,0,1
33230,8,9,20
332310,1,6,5
332350,0,0,3
332400,0,1,0
332500,3,1,8
332540,0,0,1
332570,0,1,1
332790,0,0,1
33280,0,0,1
332800,11,22,30
332970,0,0,2
33310,0,1,1
333250,0,0,1
333390,0,0,1
333600,3,11,13
333790,1,0,0
333860,0,0,1
333930,31,37,104
333950,3,3,9
333980,1,1,4
334040,2,1,4
334070,1,1,1
334120,1,0,0
33420,1,0,0
334210,0,0,1
334230,9,4,22
33440,2,3,7
334400,0,0,1
33460,3,2,4
334660,0,5,4
334772,0,0,1
334780,0,0,1
334930,0,0,1
335000,0,1,0
335030,0,0,1
335070,0,0,1
335150,0,1,2
335190,0,0,1
33520,1,0,0
335240,2,10,15
335300,9,6,10
335330,5,9,6
335430,1,1,1
335660,0,1,0
335670,2,3,3
335800,0,0,1
335820,0,0,1
335840,0,1,0
335890,0,1,0
336100,0,0,2
336250,0,0,1
336310,0,0,1
336380,1,0,0
336420,0,1,0
336510,1,1,0
336520,1,3,0
336610,0,0,1
336670,0,0,1
33670,0,0,1
33680,0,0,3
3370,0,0,2
337000,2,1,14
337040,1,0,0
337070,0,0,1
337120,0,0,1
33730,0,0,1
337320,3,2,11
337660,0,0,1
337661,1,0,1
337850,0,1,0
337950,2,2,1
338000,1,0,5
338160,0,0,1
338163,0,1,0
338170,2,4,12
338180,0,2,0
338310,0,0,1
338340,0,0,1
338390,0,0,1
338400,0,0,1
338470,0,1,2
338540,0,1,1
338580,0,1,0
338930,0,0,1
3390,0,2,1
33900,0,0,5
339120,0,0,2
339190,0,0,1
339230,2,1,0
339280,2,2,6
339290,1,1,0
33930,8,19,62
339340,1,0,0
339350,0,1,3
339400,0,1,0
339470,0,2,0
339480,0,0,1
33950,1,0,0
339600,1,1,0
339610,2,7,6
33980,0,1,0
339800,6,13,26
339910,0,1,0
340,4,3,6
340050,1,0,1
34010,0,1,5
340150,0,0,3
340170,1,0,5
34030,6,4,13
340300,0,1,1
340310,0,1,0
340340,0,1,0
340350,0,1,2
340460,0,0,1
340540,1,0,0
340580,0,0,1
340610,0,1,0
340730,0,0,1
340740,0,0,1
340810,1,0,3
341000,0,1,3
341310,0,1,1
341500,0,1,0
341530,0,0,1
341720,3,1,2
341800,2,1,3
341940,1,1,0
341980,1,0,0
342150,0,2,0
342200,2,2,2
342230,0,0,1
342260,0,1,0
342300,1,0,0
342370,0,1,0
342380,2,1,2
342480,1,0,2
342550,0,0,2
342560,0,1,2
342570,1,0,1
342580,1,1,1
342620,0,0,1
342740,0,0,1
342970,1,0,1
342980,2,0,0
343000,0,1,0
343270,0,0,1
34330,14,17,39
343330,1,1,1
343360,0,1,0
343462,0,0,1
343464,0,1,0
34350,0,0,2
343560,0,1,0
343710,1,0,0
343750,1,0,1
343780,0,1,1
344040,2,2,4
344140,0,1,0
344450,0,1,0
344460,0,0,1
344630,0,0,1
344740,1,1,0
344750,0,0,1
344760,16,14,29
344770,0,0,3
344820,0,0,1
344850,0,0,1
344860,0,0,2
3450,0,0,1
345180,0,1,3
345200,0,0,3
345350,0,1,4
345370,0,1,2
345390,0,1,4
345440,1,0,1
345520,0,2,5
345580,1,0,0
345610,0,1,3
345650,3,0,10
345820,1,0,1
346010,20,15,36
346110,70,72,161
346120,2,2,12
346170,0,0,1
346180,0,0,1
346250,0,1,5
346330,2,1,1
346370,1,0,0
346560,0,0,2
346610,1,0,0
34670,1,0,0
346900,14,48,65
346940,0,0,1
3470,1,0,0
347160,0,0,2
347560,0,0,2
347610,0,0,1
347620,0,1,1
347630,0,0,1
347670,1,0,0
347830,0,3,1
347880,0,1,0
347940,0,0,1
3480,0,1,3
348040,1,0,1
348090,2,3,3
348091,0,1,0
348290,0,0,1
3483,1,4,4
34830,3,1,2
348340,1,0,0
348380,1,1,0
348460,0,2,2
348470,0,0,2
348490,0,0,1
348620,1,0,6
348670,0,0,1
34870,2,6,6
348710,0,0,1
34880,0,1,1
348860,0,0,1
348960,0,0,1
34900,32,27,47
349040,2,3,4
34910,0,0,1
349100,1,0,1
349220,0,0,1
349480,1,2,4
349580,1,1,0
349650,1,0,0
349700,7,7,12
349720,1,0,0
349740,0,1,0
349830,0,0,1
350080,0,0,8
350150,1,0,0
350220,0,1,0
350310,1,0,0
350600,0,0,1
350750,0,0,1
350810,0,0,1
35091,2,0,0
350970,1,0,1
351040,0,1,0
351050,0,1,1
351090,0,2,1
35110,0,0,1
351140,0,0,1
351290,5,1,8
35140,3,9,22
351461,0,0,1
351510,0,0,1
351555,1,0,0
351570,3,1,8
351640,5,1,10
351700,0,0,1
351710,0,3,2
351730,0,0,1
351790,0,0,3
351800,1,3,3
351890,0,1,1
351900,0,2,0
351970,2,2,4
351990,0,0,1
352010,0,0,1
352111,0,0,1
352130,0,0,1
352190,0,0,1
352400,0,0,2
352460,2,5,14
352520,0,0,1
352700,0,0,1
352950,0,2,2
352960,0,0,1
353090,0,0,1
353130,0,1,4
353270,0,3,3
353330,0,0,1
353360,5,2,4
353370,1,1,6
353380,0,1,1
353560,1,5,8
353640,0,0,1
353690,0,1,0
353830,0,1,0
354140,7,10,11
354160,1,0,0
35420,0,1,3
354240,1,1,2
354290,0,0,4
354380,1,0,2
354400,0,0,1
354430,0,0,1
35450,16,29,58
354500,0,2,3
35460,2,0,0
354640,2,0,1
354650,0,0,1
354702,0,0,1
35480,2,1,4
354850,1,0,1
355000,0,0,1
355150,1,0,1
355180,7,5,14
355250,1,1,0
355840,11,6,9
355860,0,0,1
355880,0,1,0
355950,1,0,0
355960,1,0,1
356070,0,1,4
356310,0,0,1
356370,1,0,0
356380,0,0,1
356500,1,1,1
356510,0,2,1
356520,1,0,1
356570,0,1,4
356640,0,2,1
356670,8,6,10
35700,0,1,7
357010,0,0,1
357030,0,0,1
357070,1,1,2
35720,3,3,23
357330,0,1,0
357340,0,2,1
357360,0,0,1
357380,0,0,2
357400,0,0,1
357480,6,1,4
357600,1,0,0
357650,0,0,1
357670,1,0,0
357700,0,0,1
357850,0,0,1
357900,1,1,0
358090,0,1,1
358130,0,1,0
358150,0,3,4
358250,0,0,1
358260,0,0,1
358290,0,0,1
358340,0,0,1
358750,0,0,1
358960,0,0,1
3590,1,1,5
359040,0,0,1
359050,4,14,10
359290,1,0,0
359310,0,0,1
359320,9,4,23
359390,0,0,1
359410,0,1,1
359550,23,36,36
359800,1,2,3
359870,0,2,3
359940,0,0,1
360,1,0,1
36000,0,0,1
360170,1,0,1
360480,0,0,1
360550,1,0,0
360620,1,0,0
360640,1,1,1
360730,0,0,3
360740,0,0,5
360760,0,1,0
360870,1,1,2
360940,3,0,5
360950,0,0,2
360960,1,1,1
361280,0,0,1
361290,0,1,0
361314,0,0,1
361330,0,1,0
36150,0,0,1
361550,0,0,1
361630,1,2,3
361640,0,0,1
361700,0,0,1
361800,1,0,1
3620,0,1,1
362280,0,0,1
362410,1,0,0
362490,1,0,0
362620,0,1,2
362680,0,0,2
362810,1,0,0
362870,0,2,0
362890,1,7,16
362930,0,1,0
363150,0,1,0
363270,0,1,1
363360,0,0,1
363440,1,0,0
363460,0,1,1
363480,0,0,1
363490,0,0,2
363620,0,0,4
363680,2,0,0
363890,0,0,2
363970,22,30,45
364050,1,2,1
364110,2,0,0
364323,0,0,1
364360,10,6,21
364390,0,0,1
364420,1,0,4
364450,1,0,1
364510,0,0,1
364690,2,0,0
365070,0,0,1
365300,0,1,8
365360,0,0,1
365450,1,5,6
365590,9,13,16
365660,1,0,1
365670,1,2,6
365810,0,0,1
365900,1,0,0
366040,0,0,1
366160,0,1,0
36620,0,1,3
366220,1,0,1
36630,0,0,1
366440,0,0,2
366660,0,4,1
366760,0,0,1
366843,0,0,1
366844,0,1,1
366845,0,0,1
366890,1,0,0
367010,0,0,1
367020,0,1,0
367030,1,0,0
367120,1,1,4
367240,1,0,0
367270,0,1,0
367300,0,0,1
367340,0,1,0
367450,0,1,2
367500,1,7,8
367570,1,0,2
367580,2,2,6
367670,0,0,3
367710,0,0,1
367780,0,0,2
368160,1,0,0
368230,3,0,11
368340,0,0,5
368360,2,0,2
368370,0,0,1
368500,0,1,3
368720,1,0,1
368730,1,1,2
368740,0,0,2
368750,0,0,1
368860,0,0,1
368870,0,0,2
368900,0,1,4
368990,1,2,1
369000,0,0,1
369040,0,0,1
369060,0,0,1
369070,2,0,0
369200,9,5,16
369290,0,1,1
369300,0,0,1
369400,1,0,3
369580,2,8,8
3700,0,1,2
37000,0,0,1
370002,0,0,1
370020,0,0,1
370040,0,1,0
370100,9,8,10
370150,0,0,1
370190,0,1,0
370240,7,2,5
370280,1,2,1
370360,0,0,1
370480,0,0,1
370780,0,1,0
3710,1,0,1
371100,0,0,1
371180,0,0,1
371190,0,0,1
371200,0,0,1
371420,1,1,0
371440,1,0,0
371500,0,1,0
371570,0,1,0
371660,3,3,3
3720,1,0,2
372000,4,10,9
372210,0,1,0
372540,0,0,2
372800,0,1,1
3730,0,1,5
373080,0,1,0
373110,2,1,2
373180,1,3,5
373330,0,1,1
373360,0,0,1
373390,0,0,4
373420,0,2,2
373460,0,1,0
373680,2,2,1
373770,0,1,4
37400,0,1,0
374040,0,0,2
374090,0,1,0
374300,0,0,2
374301,1,4,1
374320,16,13,30
374450,0,1,0
374570,12,27,30
374670,0,1,0
374950,1,0,0
375030,0,1,0
375040,0,0,1
375200,0,1,0
375220,0,2,0
375230,2,2,2
375460,1,0,0
375510,1,1,5
375600,1,0,4
375820,0,0,5
375900,1,0,0
375910,1,1,1
375950,1,4,10
375960,2,0,2
37600,0,0,1
376140,1,0,0
376200,0,1,0
376210,1,1,3
376300,0,0,3
376560,0,0,1
376570,0,0,7
376660,0,0,1
376770,0,0,1
376870,4,3,13
376920,0,0,1
37700,0,0,1
377140,0,0,1
377160,47,49,133
377330,0,1,1
377560,0,1,1
377680,0,0,1
377860,0,0,1
378041,1,2,1
378120,0,2,4
378370,1,0,1
378580,0,0,1
378641,0,0,1
378642,0,0,2
378645,0,0,1
378648,1,0,3
378649,0,1,2
378660,0,1,0
378720,0,1,0
378850,1,0,0
378930,0,1,0
379310,0,1,0
379542,0,0,1
379560,0,0,1
379670,0,0,1
379720,14,19,35
379980,0,0,3
380,1,6,9
3800,0,0,1
380220,0,0,1
380360,1,0,0
380580,1,0,0
380600,3,2,7
380770,2,0,0
380840,0,0,3
380860,0,0,1
381020,0,0,1
381120,1,0,5
381210,35,20,28
381560,1,0,0
381850,0,0,1
381990,1,1,1
382050,1,0,2
38210,2,0,1
382110,1,0,1
38240,0,0,1
382490,0,3,5
382780,0,0,1
382890,0,0,1
3830,0,1,12
383080,5,25,24
383120,2,1,5
383150,2,0,0
383180,1,0,0
383230,0,0,3
383270,0,0,1
383450,0,0,1
383460,1,0,0
383580,0,0,4
383750,1,0,0
383790,0,1,2
383870,4,5,39
383980,3,4,6
38400,3,1,3
384000,0,0,1
384020,1,2,3
384021,2,1,2
38410,3,3,4
384110,1,0,0
384150,1,2,1
384180,0,0,1
384190,1,0,3
38420,1,0,1
384300,0,0,2
384310,0,0,1
384360,0,0,1
38440,0,0,1
384490,3,0,1
384500,0,0,1
38460,0,0,1
384630,0,0,3
38480,1,0,0
384980,0,0,1
384990,0,0,1
385200,1,0,0
385240,1,0,0
385260,0,0,1
385270,0,0,1
385330,1,0,1
385370,0,3,1
385530,0,0,1
385630,1,0,0
385710,1,0,2
385730,1,2,3
385760,0,0,2
385770,0,4,13
385800,2,8,6
385830,1,0,0
385890,0,0,1
385970,1,0,0
385980,0,0,1
38600,0,2,5
386070,2,1,5
386180,0,0,1
386360,4,14,44
386510,0,1,0
386880,3,0,3
386940,0,1,2
38700,0,1,2
38720,0,0,4
387240,0,0,1
387290,0,0,1
387340,0,0,3
387370,0,0,1
38740,1,0,3
387440,0,2,1
387860,3,8,5
387970,3,0,0
387990,1,4,11
388080,0,0,2
388090,12,6,7
388120,1,0,0
388210,0,1,0
38830,4,4,6
388410,0,1,1
388490,0,0,1
388520,11,10,15
388750,0,1,0
388870,1,0,0
388880,0,0,2
38900,0,1,1
389170,2,1,0
389220,0,2,1
389430,2,2,1
389510,0,0,1
389570,4,6,11
389870,1,0,1
3900,1,0,5
39000,10,20,15
390290,0,0,1
390310,0,1,0
390340,0,1,1
390390,0,0,1
390520,0,0,2
390670,2,1,6
390730,0,1,0
3910,2,0,3
391040,0,2,2
391070,0,1,0
39120,0,5,25
391220,0,5,7
391260,0,0,1
391270,0,1,3
39140,1,3,17
391460,10,7,16
39150,1,1,9
391540,35,51,141
391570,0,2,1
39160,0,0,2
391680,0,0,1
391720,2,1,4
391730,0,0,4
39190,0,1,1
3920,2,0,2
39200,0,0,2
39210,0,2,12
392450,1,1,1
393010,2,0,6
393200,1,0,0
393380,10,3,16
393410,0,3,4
393420,9,5,11
393530,0,2,0
393970,0,1,0
393980,0,0,2
394120,0,1,0
394230,2,5,6
394260,1,0,0
394310,0,0,3
394320,1,0,0
394360,3,1,9
394380,0,1,2
394510,1,1,4
394690,1,1,8
394870,0,0,1
394970,0,0,2
39500,0,0,1
39510,0,1,1
395140,0,1,0
395180,1,0,4
395200,1,0,1
395238,0,0,1
395520,0,2,4
395910,0,1,0
395980,0,0,1
396260,0,1,1
396480,0,1,0
396650,0,0,2
39670,0,0,2
396750,0,0,1
39680,1,1,0
39690,0,1,0
396900,0,1,2
397040,0,0,2
397060,0,0,2
397100,3,1,1
397340,1,3,10
397430,0,1,4
397500,0,1,0
397550,0,0,2
397570,1,0,0
397610,0,0,1
397620,0,1,0
397680,1,0,0
397690,0,0,1
397980,0,1,0
39800,1,2,4
398070,0,0,1
398100,0,0,2
398180,0,0,2
398710,1,1,2
398840,0,0,1
398850,0,0,1
398913,0,0,1
399070,0,0,1
399120,0,1,0
399430,0,1,0
399520,1,1,0
399580,0,0,1
399670,0,1,1
399730,0,0,1
399790,1,0,2
399834,1,0,0
40,0,0,1
400,14,28,61
4000,185,483,1067
400110,0,0,1
400240,0,1,0
400250,1,0,2
400551,0,0,1
400790,1,0,0
400800,1,0,2
400842,0,0,1
400910,0,0,2
40100,3,1,15
401190,1,1,4
401650,2,0,1
401810,0,0,1
401920,5,9,10
401980,0,0,1
402020,2,0,1
402180,3,5,1
402290,0,0,1
402570,0,0,1
402620,0,0,1
402630,0,0,1
402840,0,0,2
402890,0,1,0
403150,1,1,0
403180,0,1,0
403190,0,2,4
40330,0,1,0
403520,0,0,1
403570,0,1,1
403690,1,0,0
403700,0,0,1
403740,0,1,0
40380,0,1,0
403860,0,0,1
40390,1,0,2
403900,1,0,0
40400,0,0,3
404010,0,1,0
404011,0,1,1
404012,0,1,2
404013,0,2,1
404080,0,0,1
404090,1,0,4
404410,1,1,4
404480,0,3,2
405010,0,1,0
405170,0,2,6
405180,0,0,1
405310,0,0,1
405580,0,0,1
405640,1,0,11
405820,1,0,1
406080,1,0,0
406150,0,0,8
406210,1,0,1
406310,0,0,1
406550,0,1,0
40700,0,2,5
407060,0,0,1
407120,0,0,1
407210,0,1,0
407230,0,0,1
407250,2,4,3
407330,1,0,0
407420,0,1,2
407510,0,1,2
407530,3,1,4
407600,0,0,1
407840,5,2,2
407900,1,1,1
40800,10,25,32
408120,1,2,0
408330,1,0,1
408740,1,0,1
408900,0,0,1
408990,0,0,1
409000,1,0,0
409160,3,5,13
409170,1,0,1
40930,0,0,2
409440,0,0,1
409450,0,0,1
409490,0,0,1
40950,1,1,0
409510,1,0,1
409590,1,0,1
409660,1,0,0
409670,0,0,3
40970,1,1,3
409710,1,0,5
410,0,1,2
41000,1,0,4
41010,0,1,2
410110,0,0,1
410210,3,0,1
410320,0,0,4
410340,0,0,4
41050,0,0,1
410590,1,0,0
41060,0,1,0
410670,1,0,3
410680,0,0,1
41070,11,7,14
410820,0,0,1
41100,1,1,3
411080,0,0,1
411180,0,1,0
411370,0,1,1
411560,0,0,3
411570,1,0,0
411830,0,0,2
411960,0,0,1
412140,0,1,1
412332,0,0,1
412400,1,0,1
412450,0,1,2
412470,0,0,1
412730,0,1,0
412740,0,0,4
412830,0,0,1
412880,1,3,11
412940,0,0,1
41300,0,1,6
413150,10,28,60
413170,0,1,0
413410,1,0,5
413420,0,0,2
413850,0,4,5
414080,0,0,1
414130,1,0,0
414190,0,1,1
414390,0,0,1
414730,1,0,0
41500,1,2,5
415030,0,0,2
415080,0,0,1
415420,0,3,2
415480,1,0,0
415740,0,0,1
415950,1,0,0
41600,0,1,0
416130,0,0,1
416210,2,0,0
416450,0,0,1
416550,0,1,0
416590,1,1,1
416640,1,0,2
416670,0,0,1
416690,2,1,2
416760,0,1,0
41700,0,1,8
41740,1,0,2
417460,0,1,1
417461,1,1,0
417750,0,0,1
417860,46,56,73
417910,0,0,1
417990,2,1,3
41800,0,2,4
418010,0,0,1
418070,0,5,8
418190,0,0,1
418300,1,0,1
418340,4,2,20
418910,0,0,1
419070,1,2,1
419460,0,0,2
420,2,5,12
42000,1,0,0
420110,2,2,2
420610,0,0,1
420650,0,0,1
420740,0,0,1
420930,1,0,0
421040,0,1,1
42120,2,0,0
42140,0,0,1
42160,10,6,16
421630,0,0,1
421670,0,0,1
42170,0,1,0
421700,1,0,0
421770,1,0,0
421890,0,0,1
422100,0,0,1
422400,0,3,2
422420,0,1,2
422970,3,1,6
423120,0,0,1
423230,1,0,1
423320,1,0,0
423580,0,0,1
423700,0,0,1
423840,0,0,1
423880,6,8,9
424280,2,8,12
424370,0,0,1
424590,1,0,0
425220,0,0,1
426000,0,2,1
42650,0,0,1
42680,14,14,37
42700,5,8,23
427100,0,0,1
42719,0,0,2
427190,0,0,3
427250,0,0,2
427270,0,4,7
427520,5,7,24
427730,6,7,6
427810,1,0,0
427820,1,0,0
427910,0,0,1
427920,1,0,1
427950,0,0,1
427980,0,0,1
428190,0,1,0
428220,0,0,1
428370,0,0,1
428550,1,0,0
428690,0,2,3
428880,0,0,1
42890,0,0,1
428900,0,0,1
428950,1,0,0
429050,1,0,1
42910,10,32,41
42920,1,0,1
429300,0,0,2
429490,1,0,0
429570,1,2,2
42960,2,4,4
429680,0,0,1
429700,0,0,1
429720,0,0,3
42990,0,0,1
43000,0,0,1
430440,0,0,1
43110,6,8,21
431240,4,6,10
431360,0,1,0
431500,1,0,1
431510,0,0,1
431560,0,0,1
43160,1,5,34
431770,0,1,0
431840,0,0,1
432020,3,5,3
432590,0,0,1
433080,1,0,2
433090,2,1,0
433270,0,0,1
433340,2,0,20
433530,0,2,0
433730,0,1,0
433850,4,10,8
433950,0,1,5
434020,0,1,0
434110,1,2,0
434250,0,0,1
434260,0,3,6
434370,0,0,1
434420,0,0,1
434570,2,4,6
434620,0,0,1
434730,1,0,2
434780,0,1,0
43500,1,0,0
435030,0,1,1
435060,0,1,0
435120,1,0,0
435530,0,0,1
435870,1,3,4
435880,2,2,1
435881,0,3,1
436090,0,0,1
436110,1,0,0
436120,0,0,1
436150,0,1,2
436320,0,1,1
436470,0,0,1
436500,0,0,1
436520,0,0,1
436820,0,0,1
437070,1,0,0
437080,0,0,1
437220,22,8,30
437701,0,1,0
437900,0,0,1
438080,0,1,0
438270,0,0,1
438490,0,1,4
438640,1,1,2
438680,0,2,1
438690,2,1,1
438790,1,0,0
438920,0,0,1
439940,0,0,1
439995,1,0,0
440,327,1112,2297
440810,1,0,0
440930,0,0,1
440980,0,0,1
441050,0,2,0
441540,0,0,1
441600,0,3,5
441730,0,0,1
441790,0,0,1
441830,0,0,1
441870,0,1,1
441920,0,0,1
44200,1,0,0
442080,3,1,6
44310,0,2,0
44320,2,3,7
44340,1,0,0
44350,2,4,16
443580,0,0,3
443810,1,0,2
444000,1,0,0
444090,1,3,9
444190,0,0,1
444250,0,1,0
444550,0,0,1
444560,0,1,5
444640,1,1,2
444860,0,0,1
444880,0,0,1
444930,1,0,0
445130,0,0,1
445440,0,0,1
445750,0,0,1
446020,0,0,2
446120,0,0,1
446380,2,0,0
446470,0,1,0
446750,0,0,2
447500,0,0,4
447820,1,1,3
447880,0,0,1
448370,0,2,1
448510,1,0,1
448530,0,0,1
449020,0,0,1
449040,1,2,1
449050,0,1,0
449140,0,1,4
449470,0,2,0
449540,0,0,2
449550,0,1,0
449680,2,0,0
449710,0,0,1
449800,3,1,3
449940,0,0,1
449980,0,0,1
4500,2,2,4
45000,0,1,1
450390,0,1,3
450540,0,0,2
450660,0,1,1
45100,1,4,4
451000,0,0,1
451520,0,0,1
451840,0,0,1
452320,0,0,1
452650,0,0,1
452780,0,0,2
45300,0,0,2
4540,0,2,1
45400,1,0,1
454070,1,0,0
454320,0,0,1
454890,2,0,0
4550,0,0,3
455490,0,1,0
455910,0,0,1
4560,2,6,15
456280,1,0,1
456610,0,0,1
4570,1,1,10
45700,2,3,2
45710,1,0,0
457195,0,0,1
457197,0,0,1
45730,0,1,0
45740,1,3,5
45750,0,0,1
457520,0,0,1
457580,1,0,0
45760,4,9,10
45770,4,0,1
45797,0,0,1
4580,0,4,8
458000,0,0,1
458590,1,0,0
458730,0,0,1
458830,0,0,1
459820,0,2,3
459910,1,1,0
459940,0,0,1
460120,0,0,2
461244,0,0,1
461400,0,0,1
461560,0,0,5
461680,0,1,1
461880,0,0,1
46260,0,0,1
46280,0,0,1
462930,1,1,2
463110,0,0,1
463210,1,0,0
463290,0,0,1
463390,0,0,2
463490,0,3,0
46350,0,1,0
463550,0,1,0
46440,0,1,1
464780,1,2,2
465020,0,0,1
46540,2,0,0
466910,2,0,3
46770,0,0,1
467820,0,0,3
467900,0,0,1
468240,0,0,1
468410,0,0,3
468560,1,1,1
469730,0,2,0
469990,1,0,1
4700,3,6,14
471710,0,0,1
4720,1,1,0
472060,0,0,1
472680,0,0,1
473460,0,1,0
473580,0,0,1
473850,1,2,2
47400,2,1,2
474010,0,0,1
474030,0,1,0
47410,6,9,11
474750,0,0,2
475150,0,0,3
475230,1,0,0
475490,1,0,0
475990,1,0,1
4760,3,5,10
476460,0,0,2
47700,1,0,2
477160,1,0,1
477270,0,0,1
477310,0,0,1
47780,3,0,2
47790,3,7,5
4780,3,0,1
47800,0,0,1
47810,2,2,11
47870,2,1,13
47890,8,5,12
47920,1,0,3
479260,0,1,0
48000,1,16,16
480480,1,0,0
480630,1,0,1
480631,0,2,1
48110,0,1,0
48180,1,0,0
48190,1,1,8
48220,2,0,2
48240,6,3,12
482920,1,0,0
4830,0,1,0
4850,0,0,1
485380,2,2,1
485800,0,0,1
485890,2,1,0
48700,35,46,131
48705,1,2,5
48720,1,4,7
487220,0,0,1
487280,0,0,2
487700,0,0,1
48800,1,1,2
488280,1,0,0
488310,0,0,1
488660,0,1,0
489220,0,0,1
48950,1,0,0
489700,0,0,1
490650,1,2,1
491130,0,1,2
491260,0,1,0
4920,11,22,24
493370,1,0,1
49400,0,0,1
494470,0,1,0
49470,0,0,2
49520,57,128,376
49540,6,4,2
495890,1,4,0
495910,0,0,1
49600,3,6,13
496240,0,0,1
496250,0,0,1
496300,0,0,3
496890,0,1,0
496920,2,8,13
497180,0,0,1
497850,0,0,2
49800,0,1,1
498240,0,1,8
498580,0,0,1
499100,0,0,1
499440,0,0,2
499540,0,1,0
50,0,2,2
500,4,10,19
500590,0,1,0
50130,5,16,22
501760,1,0,0
501800,0,0,1
502550,1,1,0
50300,20,16,48
503300,0,2,0
503770,0,1,0
504490,0,0,1
50510,0,0,1
506140,0,0,1
50620,1,0,7
50650,5,5,7
506590,0,0,1
508590,1,0,0
508600,0,0,2
509060,0,1,1
509840,0,1,0
510050,0,1,0
51100,31,37,61
512300,0,1,0
512340,0,1,0
512470,0,1,0
512540,2,0,1
512630,0,1,0
514520,0,0,1
516040,0,0,1
520550,0,0,1
521340,0,0,2
521430,0,0,1
521570,2,0,0
521990,0,0,1
527340,0,1,0
550,106,232,414
55040,1,0,3
55100,1,1,5
55110,1,1,3
55140,1,1,8
55150,1,3,8
55230,19,51,87
55345,0,2,0
55370,0,0,3
55381,0,1,0
55475,1,0,0
56400,3,3,26
570,208,502,852
57000,0,0,1
57300,17,12,14
57400,1,0,0
57600,0,1,1
57640,0,0,2
57680,0,0,1
57690,2,4,20
57740,1,0,1
57900,2,0,9
58200,0,0,1
58230,0,0,1
58520,1,0,0
58540,0,0,1
58610,2,1,3
60,3,1,6
6000,2,6,6
6020,5,2,7
6030,0,2,1
6060,15,30,57
60800,0,0,1
6100,1,0,0
61100,1,0,0
6120,1,0,0
61220,0,0,1
61310,0,0,1
61500,0,0,1
61600,0,0,3
61730,0,1,0
620,26,103,245
62000,0,0,1
6210,0,0,1
62100,0,1,1
6220,0,0,4
630,9,21,63
6310,0,1,1
63200,0,2,1
63380,8,16,41
63500,0,0,3
63610,0,0,1
63660,0,1,0
6370,0,0,1
63700,0,0,1
63710,4,8,8
63800,0,0,1
63900,0,0,1
63940,1,0,0
64000,2,2,7
6420,0,0,1
65300,0,1,5
6550,4,1,1
65560,1,0,0
65730,0,1,0
65740,0,1,1
65780,0,1,0
65790,2,6,6
65800,1,10,29
65930,4,1,9
65980,3,9,26
67370,4,5,15
6800,1,0,1
6830,0,0,1
6850,2,1,0
6860,3,4,8
6870,1,0,0
6880,1,2,4
6900,0,2,0
6910,3,7,7
6950,0,0,1
6980,0,1,2
70,10,16,36
7000,0,0,2
70000,16,21,28
70100,0,1,1
7020,0,0,1
70300,1,2,10
70310,0,1,0
70400,1,3,9
70600,1,0,2
70620,0,1,0
70640,1,0,0
70650,1,0,0
71000,0,0,1
71165,0,0,1
71230,0,1,3
71250,3,0,1
71270,0,0,1
71340,3,2,5
71390,0,0,1
7200,0,0,3
72000,0,0,3
72200,1,2,7
72730,0,0,2
72750,1,0,1
72760,0,1,0
72840,0,0,1
72850,113,181,424
72900,0,0,2
730,557,1152,2050
73010,0,0,1
73020,0,0,2
73170,1,0,2
73210,0,0,1
73220,0,0,1
7510,0,2,1
7520,1,1,3
7600,0,0,1
7660,1,0,1
7670,12,10,49
7730,0,0,1
7760,1,1,1
7770,1,0,0
78000,1,1,0
7830,3,1,1
7840,0,1,0
7860,1,1,0
7940,3,7,8
80,1,7,4
8000,0,0,1
80000,0,0,2
80310,0,0,1
8080,0,1,2
8140,0,1,0
8170,1,2,1
8190,29,45,106
8230,0,0,1
8310,0,0,1
8340,0,0,1
8400,0,2,2
8500,4,4,7
8600,1,1,3
8800,0,0,2
8850,4,1,12
8870,29,60,177
8880,0,0,1
8930,47,58,234
8970,1,0,0
8980,3,13,28
8990,0,1,0
9010,1,0,0
9050,1,0,2
9070,0,1,0
91200,1,1,0
91310,29,17,36
91330,1,0,1
91333,0,0,1
9160,1,0,0
91600,0,3,6
91700,5,7,5
9180,1,0,3
91800,0,0,1
91900,1,3,2
9200,3,2,11
92000,2,0,2
92100,1,1,2
92300,0,1,1
92500,0,1,2
92700,1,0,0
92800,0,4,6
93200,0,0,2
9340,0,0,1
9350,1,0,3
94000,1,2,4
9420,0,1,10
94200,0,0,3
94300,0,0,1
94400,5,5,16
9450,2,2,7
94590,1,0,1
9460,0,0,1
9480,4,9,24
9500,0,0,1
95300,0,0,1
95400,0,2,4
95700,0,0,1
96000,0,0,2
96100,2,3,11
96200,0,1,0
96300,2,2,2
96400,0,0,2
96800,0,0,1
97000,0,0,6
97100,1,0,2
9730,0,1,0
97330,2,1,1
98200,1,3,7
98300,0,0,1
98400,4,1,4
98421,0,0,1
98500,0,0,1
9860,0,0,1
98600,1,1,1
9870,0,1,2
9880,0,0,4
98800,3,0,4
9900,5,9,17
99100,1,0,0
9930,1,2,4
99300,0,1,2
9940,0,2,0
99400,1,0,0
99700,0,1,2
99810,2,1,5
99900,10,55,89
99910,1,0,3
